section,case,metric,value,unit,lower_is_better
"machine","host","processors",32,"",0
"machine","host","64 bit",1,"",0
"machine","calibration","4k ship, 20 steps",89.6287,"ms",1
"machine","noise","spread of five identical runs",0.03232999999999997,"ms",1
"machine","noise","as a share of a step",0.008355019860293102,"",1
"ladder","8,000","blocks",8904,"",1
"ladder","8,000","links",20779,"",1
"ladder","8,000","build",37.9372,"ms",1
"ladder","8,000","step",1.224155,"ms",1
"ladder","8,000","substeps granted",22,"",0
"ladder","8,000","substeps demanded",21.963333129882812,"",0
"ladder","8,000","per simulated second",9.79324,"ms",1
"ladder","8,000","per element visit",1.8745884543647573,"ns",1
"ladder","32,000","blocks",32800,"",1
"ladder","32,000","links",73787,"",1
"ladder","32,000","build",159.3673,"ms",1
"ladder","32,000","step",3.8933549999999997,"ms",1
"ladder","32,000","substeps granted",19,"",0
"ladder","32,000","substeps demanded",18.490591049194336,"",0
"ladder","32,000","per simulated second",31.146839999999997,"ms",1
"ladder","32,000","per element visit",1.922499188950168,"ns",1
"ladder","125,000","blocks",126731,"",1
"ladder","125,000","links",277967,"",1
"ladder","125,000","build",702.9393,"ms",1
"ladder","125,000","step",17.8786,"ms",1
"ladder","125,000","substeps granted",22,"",0
"ladder","125,000","substeps demanded",21.725040435791016,"",0
"ladder","125,000","per simulated second",143.0288,"ms",1
"ladder","125,000","per element visit",2.008074258740187,"ns",1
"features","everything on","step",3.911715,"ms",1
"features","everything off","step",0.3729,"ms",1
"features","conduction","marginal",1.3595450000000002,"ms",1
"features","conduction","isolated",0.8683649999999998,"ms",1
"features","conduction","demand without it",18.435253143310547,"",0
"features","radiation","marginal",0.16962999999999973,"ms",1
"features","radiation","isolated",0.9139600000000001,"ms",1
"features","radiation","demand without it",18.378551483154297,"",0
"features","convection","marginal",1.4225050000000001,"ms",1
"features","convection","isolated",1.873015,"ms",1
"features","convection","demand without it",11.998428344726562,"",0
"features","solar","marginal",0.17874999999999996,"ms",1
"features","solar","isolated",0.9300999999999999,"ms",1
"features","solar","demand without it",18.49026107788086,"",0
"features","self shadow","marginal",0.023094999999999644,"ms",1
"features","self shadow","isolated",0.0005350000000000077,"ms",1
"features","self shadow","demand without it",18.490591049194336,"",0
"features","waste heat","marginal",0.09505000000000052,"ms",1
"features","waste heat","isolated",0.16302499999999998,"ms",1
"features","waste heat","demand without it",18.478219985961914,"",0
"features","heat sources","marginal",0.02939500000000006,"ms",1
"features","heat sources","isolated",0.008344999999999991,"ms",1
"features","heat sources","demand without it",18.490591049194336,"",0
"features","friction","marginal",0.1445249999999998,"ms",1
"features","friction","isolated",0.88601,"ms",1
"features","friction","demand without it",18.489099502563477,"",0
"features","damage","marginal",0.20659500000000008,"ms",1
"features","damage","isolated",0.11985000000000001,"ms",1
"features","damage","demand without it",18.490591049194336,"",0
"features","coolant loops","marginal",0.026409999999999823,"ms",1
"features","coolant loops","isolated",-0.003025,"ms",1
"features","coolant loops","demand without it",18.490591049194336,"",0
"features","room air","marginal",0.058000000000000274,"ms",1
"features","room air","isolated",-0.003025,"ms",1
"features","room air","demand without it",18.490591049194336,"",0
"features","heat pumps","marginal",0.04416500000000001,"ms",1
"features","heat pumps","isolated",-0.0017449999999999966,"ms",1
"features","heat pumps","demand without it",18.490591049194336,"",0
"features","conduction clamp","marginal",0.07111500000000026,"ms",1
"features","conduction clamp","isolated",-0.0036599999999999966,"ms",1
"features","conduction clamp","demand without it",18.490591049194336,"",0
"features","environment clamp","marginal",0.2653249999999998,"ms",1
"features","environment clamp","isolated",-0.004844999999999988,"ms",1
"features","environment clamp","demand without it",18.490591049194336,"",0
"profiles","simulation","per simulated second",4.1272,"ms",1
"profiles","simulation","substeps granted",1,"",0
"profiles","simulation","substeps demanded",0.08249291777610779,"",0
"profiles","simulation","clamped",0,"",0
"profiles","optimized","per simulated second",2.07592,"ms",1
"profiles","optimized","substeps granted",1,"",0
"profiles","optimized","substeps demanded",0.16506440937519073,"",0
"profiles","optimized","clamped",0,"",0
"profiles","simlite","per simulated second",2.05668,"ms",1
"profiles","simlite","substeps granted",1,"",0
"profiles","simlite","substeps demanded",0.1650647222995758,"",0
"profiles","simlite","clamped",0,"",0
"profiles","responsive","per simulated second",31.155720000000002,"ms",1
"profiles","responsive","substeps granted",19,"",0
"profiles","responsive","substeps demanded",18.490591049194336,"",0
"profiles","responsive","clamped",0,"",0
"profiles","arcade","per simulated second",10.67106,"ms",1
"profiles","arcade","substeps granted",6,"",0
"profiles","arcade","substeps demanded",36.92992401123047,"",0
"profiles","arcade","clamped",1,"",0
"substep cap","cap off","step",3.8938499999999996,"ms",1
"substep cap","cap off","substeps",19,"",0
"substep cap","cap off","per simulated second",31.150799999999997,"ms",1
"substep cap","cap off","blocks raised",0,"",0
"substep cap","cap off","clamped",0,"",0
"substep cap","cap 16","step",3.485425,"ms",1
"substep cap","cap 16","substeps",16,"",0
"substep cap","cap 16","per simulated second",27.8834,"ms",1
"substep cap","cap 16","blocks raised",14,"",0
"substep cap","cap 16","clamped",0,"",0
"substep cap","cap 8","step",1.98311,"ms",1
"substep cap","cap 8","substeps",8,"",0
"substep cap","cap 8","per simulated second",15.86488,"ms",1
"substep cap","cap 8","blocks raised",258,"",0
"substep cap","cap 8","clamped",0,"",0
"substep cap","cap 4","step",1.252615,"ms",1
"substep cap","cap 4","substeps",4,"",0
"substep cap","cap 4","per simulated second",10.02092,"ms",1
"substep cap","cap 4","blocks raised",1580,"",0
"substep cap","cap 4","clamped",0,"",0
"substep cap","cap 2","step",0.846425,"ms",1
"substep cap","cap 2","substeps",2,"",0
"substep cap","cap 2","per simulated second",6.7714,"ms",1
"substep cap","cap 2","blocks raised",5437,"",0
"substep cap","cap 2","clamped",0,"",0
"substep cap","cap 1","step",0.65902,"ms",1
"substep cap","cap 1","substeps",1,"",0
"substep cap","cap 1","per simulated second",5.27216,"ms",1
"substep cap","cap 1","blocks raised",8815,"",0
"substep cap","cap 1","clamped",0,"",0
"overshoot clamp","resolved","step, gated",3.86693,"ms",1
"overshoot clamp","resolved","step, always clamped",8.080544999999999,"ms",1
"overshoot clamp","resolved","substeps granted",19,"",0
"overshoot clamp","resolved","clamp live",0,"",0
"overshoot clamp","resolved","gate change",-52.145183276623044,"%",1
"overshoot clamp","refused","step, gated",1.9818000000000002,"ms",1
"overshoot clamp","refused","step, always clamped",1.978445,"ms",1
"overshoot clamp","refused","substeps granted",4,"",0
"overshoot clamp","refused","clamp live",1,"",0
"overshoot clamp","refused","gate change",0.16957762283006195,"%",1
"diagnostics","per-mechanism watts","step, off",3.87016,"ms",1
"diagnostics","per-mechanism watts","step, on",4.629985,"ms",1
"diagnostics","per-mechanism watts","cost of being measured",0.7598249999999998,"ms",1
"diagnostics","per-mechanism watts","step, every substep",6.9079250000000005,"ms",1
"diagnostics","one substep","step, last substep only",0.968295,"ms",1
"diagnostics","one substep","step, every substep",0.979245,"ms",1
"environments","ship vacuum","step",0.657655,"ms",1
"environments","ship vacuum","substeps demanded",11.601579666137695,"",0
"environments","ship atmosphere","step",0.885365,"ms",1
"environments","ship atmosphere","substeps demanded",15.53465747833252,"",0
"environments","ship flight","step",1.2233399999999999,"ms",1
"environments","ship flight","substeps demanded",21.963333129882812,"",0
"environments","cube vacuum","step",0.60362,"ms",1
"environments","cube vacuum","substeps demanded",11.367193222045898,"",0
"environments","cube atmosphere","step",0.755715,"ms",1
"environments","cube atmosphere","substeps demanded",14.085084915161133,"",0
"environments","cube flight","step",0.94824,"ms",1
"environments","cube flight","substeps demanded",18.48105812072754,"",0
"environments","truss vacuum","step",0.278605,"ms",1
"environments","truss vacuum","substeps demanded",7.880685329437256,"",0
"environments","truss atmosphere","step",0.57623,"ms",1
"environments","truss atmosphere","substeps demanded",16.758865356445312,"",0
"environments","truss flight","step",0.8801249999999999,"ms",1
"environments","truss flight","substeps demanded",25.45060920715332,"",0
"scenarios","plain","step",1.228855,"ms",1
"scenarios","plain","substeps demanded",21.952104568481445,"",0
"scenarios","plain","rooms with air",0,"",0
"scenarios","plain","coolant loops",0,"",0
"scenarios","plain","heat pumps",0,"",0
"scenarios","plain","overheat events",0,"",0
"scenarios","pressurised","step",1.68059,"ms",1
"scenarios","pressurised","substeps demanded",21.952102661132812,"",0
"scenarios","pressurised","rooms with air",13,"",0
"scenarios","pressurised","coolant loops",0,"",0
"scenarios","pressurised","heat pumps",0,"",0
"scenarios","pressurised","overheat events",0,"",0
"scenarios","plumbed","step",1.30949,"ms",1
"scenarios","plumbed","substeps demanded",21.952104568481445,"",0
"scenarios","plumbed","rooms with air",0,"",0
"scenarios","plumbed","coolant loops",8,"",0
"scenarios","plumbed","heat pumps",8,"",0
"scenarios","plumbed","overheat events",0,"",0
"scenarios","burning","step",1.25557,"ms",1
"scenarios","burning","substeps demanded",21.979955673217773,"",0
"scenarios","burning","rooms with air",0,"",0
"scenarios","burning","coolant loops",0,"",0
"scenarios","burning","heat pumps",0,"",0
"scenarios","burning","overheat events",411651,"",0
"scenarios","scorched","step",0.6192650000000001,"ms",1
"scenarios","scorched","substeps demanded",11.601579666137695,"",0
"scenarios","scorched","rooms with air",0,"",0
"scenarios","scorched","coolant loops",0,"",0
"scenarios","scorched","heat pumps",0,"",0
"scenarios","scorched","overheat events",2136960,"",0
"fleets","1 grid","step, whole fleet",0.9925200000000001,"ms",1
"fleets","1 grid","blocks",8904,"",0
"fleets","1 grid","blocks per grid",8904,"",0
"fleets","1 grid","per thousand blocks",0.1114690026954178,"ms",1
"fleets","10 grids","step, whole fleet",1.377195,"ms",1
"fleets","10 grids","blocks",11240,"",0
"fleets","10 grids","blocks per grid",1124,"",0
"fleets","10 grids","per thousand blocks",0.12252624555160142,"ms",1
"fleets","100 grids","step, whole fleet",10.61885,"ms",1
"fleets","100 grids","blocks",83500,"",0
"fleets","100 grids","blocks per grid",835,"",0
"fleets","100 grids","per thousand blocks",0.12717185628742517,"ms",1
